sample,trial,search,inflation,pick,contigs,busco_complete,busco_single,busco_duplicated,busco_fragmented,busco_missing,unique_genes,transrate_score,transrate_optimal,good_mappings,proper_pairs
SRR1060332,control,diamond,12,score,91017,111,101,10,10,4,13096,0.4098,0.5921,0.9245,0.9433
SRR1060332,blastn_I12,blastn,12,score,83863,108,97,11,10,7,13103,0.471,0.5897,0.9183,0.9385
SRR1060332,candidate,blastn,3,score_orf,81066,108,97,11,11,6,13115,0.4832,0.5951,0.9216,0.9404
SRR1060332,control_protein,diamond,12,protein,88991,113,100,13,8,4,13052,0.4017,0.5837,0.9259,0.9465
SRR1060332,blastn_I12_protein,blastn,12,protein,81806,111,96,15,9,5,13038,0.4612,0.5898,0.9239,0.9432
SRR1060332,candidate_protein,blastn,3,protein,79660,111,97,14,9,5,13050,0.4719,0.5876,0.9204,0.9403
SRR1060332,twotrack,swissprot gene + cd-hit,-,two-track,69213,112,111,1,6,7,13163,0.4004,0.5117,0.8098,0.8339
SRR1123893,control,diamond,12,score,85744,124,75,49,1,0,14448,0.4948,0.5391,0.966,0.9708
SRR1123893,blastn_I12,blastn,12,score,84090,117,70,47,4,4,14498,0.4928,0.5269,0.9469,0.9561
SRR1123893,candidate,blastn,3,score_orf,79790,124,75,49,1,0,14468,0.5396,0.5584,0.9664,0.972
SRR1123893,control_protein,diamond,12,protein,85801,124,75,49,1,0,14356,0.4893,0.5378,0.9725,0.9757
SRR1123893,blastn_I12_protein,blastn,12,protein,85207,124,65,59,1,0,14308,0.4945,0.534,0.9684,0.9726
SRR1123893,candidate_protein,blastn,3,protein,79511,124,70,54,1,0,14329,0.5188,0.5435,0.9608,0.9675
SRR1123893,twotrack,swissprot gene + cd-hit,-,two-track,58245,122,120,2,1,2,14752,0.3573,0.3887,0.7657,0.8394
SRR1139197,control,diamond,12,score,167672,64,46,18,35,26,8965,0.4099,0.5824,0.9304,0.947
SRR1139197,blastn_I12,blastn,12,score,147006,63,43,20,34,28,9018,0.4515,0.5891,0.9189,0.9395
SRR1139197,candidate,blastn,3,score_orf,138506,64,50,14,35,26,9003,0.4646,0.59,0.9167,0.9385
SRR1139197,control_protein,diamond,12,protein,166107,68,48,20,37,20,8850,0.4057,0.5834,0.9319,0.9478
SRR1139197,blastn_I12_protein,blastn,12,protein,145528,67,49,18,38,20,8857,0.4445,0.5772,0.92,0.9407
SRR1139197,candidate_protein,blastn,3,protein,137702,67,51,16,38,20,8862,0.4531,0.5724,0.9114,0.9352
SRR1139197,twotrack,swissprot gene + cd-hit,-,two-track,153562,67,67,0,37,21,8879,0.3492,0.5055,0.8167,0.8456
SRR1139198,control,diamond,12,score,129743,51,42,9,46,28,8777,0.4005,0.5058,0.9289,0.949
SRR1139198,blastn_I12,blastn,12,score,114743,50,33,17,41,34,8817,0.4303,0.4863,0.9209,0.9442
SRR1139198,candidate,blastn,3,score_orf,109231,49,37,12,42,34,8813,0.4407,0.5085,0.9181,0.9432
SRR1139198,control_protein,diamond,12,protein,127996,58,42,16,40,27,8653,0.3977,0.553,0.9303,0.9494
SRR1139198,blastn_I12_protein,blastn,12,protein,113136,58,42,16,41,26,8672,0.4261,0.4559,0.9231,0.9455
SRR1139198,candidate_protein,blastn,3,protein,108012,58,48,10,41,26,8689,0.4338,0.5061,0.9167,0.9425
SRR1139198,twotrack,swissprot gene + cd-hit,-,two-track,114276,57,57,0,34,34,8653,0.3486,0.4394,0.8067,0.8423
SRR1174805,control,diamond,12,score,92426,125,42,83,0,0,10021,0.4671,0.5468,0.9526,0.9588
SRR1174805,blastn_I12,blastn,12,score,88955,124,39,85,0,1,10040,0.4918,0.5397,0.9473,0.955
SRR1174805,candidate,blastn,3,score_orf,84633,125,43,82,0,0,10039,0.5129,0.5584,0.9533,0.9596
SRR1174805,control_protein,diamond,12,protein,91575,125,45,80,0,0,9985,0.4632,0.5408,0.954,0.9617
SRR1174805,blastn_I12_protein,blastn,12,protein,88419,125,36,89,0,0,9936,0.4873,0.5371,0.9518,0.9601
SRR1174805,candidate_protein,blastn,3,protein,84751,125,40,85,0,0,9942,0.5063,0.5512,0.9499,0.9581
SRR1174805,twotrack,swissprot gene + cd-hit,-,two-track,76510,124,112,12,0,1,10173,0.4251,0.4838,0.8434,0.8636
SRR1176880,control,diamond,12,score,70666,124,59,65,0,1,9733,0.5098,0.5703,0.9605,0.9667
SRR1176880,blastn_I12,blastn,12,score,69833,125,51,74,0,0,9783,0.5292,0.5653,0.9527,0.9587
SRR1176880,candidate,blastn,3,score_orf,67222,125,52,73,0,0,9774,0.5524,0.5833,0.9607,0.9635
SRR1176880,control_protein,diamond,12,protein,69555,125,58,67,0,0,9686,0.5072,0.5686,0.9634,0.9687
SRR1176880,blastn_I12_protein,blastn,12,protein,68861,125,47,78,0,0,9660,0.5235,0.5621,0.9585,0.9653
SRR1176880,candidate_protein,blastn,3,protein,66325,125,49,76,0,0,9664,0.5425,0.5762,0.957,0.9594
SRR1176880,twotrack,swissprot gene + cd-hit,-,two-track,57580,124,110,14,0,1,9903,0.4544,0.4912,0.8366,0.8583
SRR544889,control,diamond,12,score,56488,97,79,18,14,14,7390,0.5179,0.5503,0.9278,0.9599
SRR544889,blastn_I12,blastn,12,score,53754,95,77,18,15,15,7475,0.5191,0.5494,0.9192,0.9548
SRR544889,candidate,blastn,3,score_orf,51863,98,82,16,13,14,7458,0.5222,0.5569,0.9223,0.9582
SRR544889,control_protein,diamond,12,protein,55534,98,76,22,14,13,7307,0.513,0.5472,0.9298,0.9613
SRR544889,blastn_I12_protein,blastn,12,protein,52854,98,79,19,14,13,7376,0.516,0.5451,0.9235,0.9585
SRR544889,candidate_protein,blastn,3,protein,51767,98,79,19,14,13,7387,0.5155,0.5464,0.9211,0.9566
SRR544889,twotrack,swissprot gene + cd-hit,-,two-track,45154,97,97,0,15,13,7481,0.4443,0.4813,0.8445,0.8846
SRR747027,control,diamond,12,score,33534,123,76,47,2,0,5674,0.5354,0.5659,0.9542,0.9812
SRR747027,blastn_I12,blastn,12,score,34343,124,75,49,1,0,5710,0.5487,0.5688,0.9448,0.9724
SRR747027,candidate,blastn,3,score_orf,33351,124,83,41,1,0,5728,0.5771,0.5931,0.9575,0.9846
SRR747027,control_protein,diamond,12,protein,32877,124,75,49,1,0,5610,0.5301,0.5598,0.9558,0.9832
SRR747027,blastn_I12_protein,blastn,12,protein,33689,124,74,50,1,0,5618,0.5439,0.5657,0.952,0.9795
SRR747027,candidate_protein,blastn,3,protein,33061,124,83,41,1,0,5643,0.5664,0.5843,0.9519,0.9798
SRR747027,twotrack,swissprot gene + cd-hit,-,two-track,29807,123,117,6,1,1,5833,0.5155,0.5351,0.9127,0.9442
SRR951913,control,diamond,12,score,198527,111,76,35,11,3,10363,0.345,0.4123,0.8504,0.8792
SRR951913,blastn_I12,blastn,12,score,193692,104,81,23,15,6,10389,0.3716,0.4129,0.8504,0.8795
SRR951913,candidate,blastn,3,score_orf,190562,108,88,20,13,4,10377,0.3774,0.4133,0.852,0.8796
SRR951913,control_protein,diamond,12,protein,198335,114,76,38,8,3,10282,0.3443,0.4117,0.8525,0.8797
SRR951913,blastn_I12_protein,blastn,12,protein,194206,114,85,29,8,3,10279,0.3694,0.4106,0.8516,0.8812
SRR951913,candidate_protein,blastn,3,protein,190173,114,89,25,8,3,10294,0.3741,0.4106,0.8499,0.8789
SRR951913,twotrack,swissprot gene + cd-hit,-,two-track,183041,114,106,8,7,4,10399,0.3214,0.4405,0.7921,0.8433
SRR954929,control,diamond,12,score,33870,90,82,8,21,14,7701,0.5603,0.6035,0.9773,0.969
SRR954929,blastn_I12,blastn,12,score,31737,88,80,8,22,15,7760,0.5827,0.6166,0.9724,0.9635
SRR954929,candidate,blastn,3,score_orf,30627,91,86,5,20,14,7729,0.5895,0.6175,0.9754,0.9689
SRR954929,control_protein,diamond,12,protein,32769,93,84,9,18,14,7629,0.5577,0.6002,0.9784,0.9673
SRR954929,blastn_I12_protein,blastn,12,protein,33066,92,85,7,18,15,7639,0.5754,0.6005,0.9682,0.9645
SRR954929,candidate_protein,blastn,3,protein,32225,92,87,5,18,15,7654,0.5841,0.6143,0.9757,0.9661
SRR954929,twotrack,swissprot gene + cd-hit,-,two-track,25610,92,91,1,16,17,7766,0.494,0.5149,0.843,0.8179
SRR1060332,v410,swissprot gene + cd-hit,-,two-track + rescue (4.1.0-dev0),76022,113,112,1,6,6,13172,0.4352,0.5678,0.9047,0.9216
SRR1139198,v410,swissprot gene + cd-hit,-,two-track + rescue (4.1.0-dev0),117809,58,57,1,39,28,8696,0.3984,0.4519,0.926,0.947
SRR1176880,v410,swissprot gene + cd-hit,-,two-track + rescue (4.1.0-dev0),59855,125,84,41,0,0,9831,0.5267,0.5645,0.9432,0.9513
SRR954929,v410,swissprot gene + cd-hit,-,two-track + rescue (4.1.0-dev0),30547,93,87,6,17,15,7756,0.5729,0.5998,0.9601,0.9244
SRR1139197,blastn_I2,blastn,2,score,136012,62,50,12,32,31,9077,0.4576,0.5703,0.9046,0.9297
SRR1139197,blastn_I3,blastn,3,score,139598,62,48,14,34,29,9060,0.4601,0.5825,0.9096,0.9334
SRR1139197,diamond_I12_score_len,diamond,12,score_len,165841,64,45,19,37,24,8934,0.4073,0.5735,0.9324,0.9491
SRR1139197,diamond_I12_score_orf,diamond,12,score_orf,166868,64,45,19,37,24,8937,0.408,0.5632,0.9316,0.9482
SRR1139197,diamond_I12_near_best,diamond,12,near_best,166871,64,46,18,37,24,8948,0.4093,0.5825,0.9313,0.9481
SRR1139197,blastn_I2_score_len,blastn,2,score_len,133844,63,49,14,32,30,9015,0.4709,0.575,0.9181,0.9397
SRR1139197,blastn_I2_score_orf,blastn,2,score_orf,134806,63,50,13,34,28,9012,0.4636,0.5633,0.9142,0.9367
SRR1139197,blastn_I2_near_best,blastn,2,near_best,135141,62,49,13,33,30,9048,0.4677,0.5726,0.9127,0.9355
SRR1139197,blastn_I3_score_len,blastn,3,score_len,137538,64,49,15,33,28,9006,0.4704,0.5732,0.9214,0.9419
SRR1139197,blastn_I3_near_best,blastn,3,near_best,138724,62,47,15,35,28,9035,0.4684,0.571,0.9166,0.9387
