SRR954929	/mnt/home/macmaneslab/macmanes/redundancy_tests/validate_arms/SRR954929/control	SRR954929_control	diamond	12	control_protein	protein
SRR954929	/mnt/home/macmaneslab/macmanes/redundancy_tests/validate_arms/SRR954929/candidate	SRR954929_candidate	blastn	3	candidate_protein	protein
SRR954929	/mnt/home/macmaneslab/macmanes/redundancy_tests/validate_arms/SRR954929/blastn_I12	SRR954929_blastn_I12	blastn	12	blastn_I12_protein	protein
SRR544889	/mnt/home/macmaneslab/macmanes/redundancy_tests/validate_arms/SRR544889/control	SRR544889_control	diamond	12	control_protein	protein
SRR544889	/mnt/home/macmaneslab/macmanes/redundancy_tests/validate_arms/SRR544889/candidate	SRR544889_candidate	blastn	3	candidate_protein	protein
SRR544889	/mnt/home/macmaneslab/macmanes/redundancy_tests/validate_arms/SRR544889/blastn_I12	SRR544889_blastn_I12	blastn	12	blastn_I12_protein	protein
SRR747027	/mnt/home/macmaneslab/macmanes/redundancy_tests/validate_arms/SRR747027/control	SRR747027_control	diamond	12	control_protein	protein
SRR747027	/mnt/home/macmaneslab/macmanes/redundancy_tests/validate_arms/SRR747027/candidate	SRR747027_candidate	blastn	3	candidate_protein	protein
SRR747027	/mnt/home/macmaneslab/macmanes/redundancy_tests/validate_arms/SRR747027/blastn_I12	SRR747027_blastn_I12	blastn	12	blastn_I12_protein	protein
SRR1139198	/mnt/home/macmaneslab/macmanes/redundancy_tests/validate_arms/SRR1139198/control	SRR1139198_control	diamond	12	control_protein	protein
SRR1139198	/mnt/home/macmaneslab/macmanes/redundancy_tests/validate_arms/SRR1139198/candidate	SRR1139198_candidate	blastn	3	candidate_protein	protein
SRR1139198	/mnt/home/macmaneslab/macmanes/redundancy_tests/validate_arms/SRR1139198/blastn_I12	SRR1139198_blastn_I12	blastn	12	blastn_I12_protein	protein
SRR1060332	/mnt/home/macmaneslab/macmanes/redundancy_tests/validate_arms/SRR1060332/control	SRR1060332_control	diamond	12	control_protein	protein
SRR1060332	/mnt/home/macmaneslab/macmanes/redundancy_tests/validate_arms/SRR1060332/candidate	SRR1060332_candidate	blastn	3	candidate_protein	protein
SRR1060332	/mnt/home/macmaneslab/macmanes/redundancy_tests/validate_arms/SRR1060332/blastn_I12	SRR1060332_blastn_I12	blastn	12	blastn_I12_protein	protein
SRR1176880	/mnt/home/macmaneslab/macmanes/redundancy_tests/validate_arms/SRR1176880/control	SRR1176880_control	diamond	12	control_protein	protein
SRR1176880	/mnt/home/macmaneslab/macmanes/redundancy_tests/validate_arms/SRR1176880/candidate	SRR1176880_candidate	blastn	3	candidate_protein	protein
SRR1176880	/mnt/home/macmaneslab/macmanes/redundancy_tests/validate_arms/SRR1176880/blastn_I12	SRR1176880_blastn_I12	blastn	12	blastn_I12_protein	protein
SRR1174805	/mnt/home/macmaneslab/macmanes/redundancy_tests/validate_arms/SRR1174805/control	SRR1174805_control	diamond	12	control_protein	protein
SRR1174805	/mnt/home/macmaneslab/macmanes/redundancy_tests/validate_arms/SRR1174805/candidate	SRR1174805_candidate	blastn	3	candidate_protein	protein
SRR1174805	/mnt/home/macmaneslab/macmanes/redundancy_tests/validate_arms/SRR1174805/blastn_I12	SRR1174805_blastn_I12	blastn	12	blastn_I12_protein	protein
SRR1123893	/mnt/home/macmaneslab/macmanes/redundancy_tests/validate_arms/SRR1123893/control	SRR1123893_control	diamond	12	control_protein	protein
SRR1123893	/mnt/home/macmaneslab/macmanes/redundancy_tests/validate_arms/SRR1123893/candidate	SRR1123893_candidate	blastn	3	candidate_protein	protein
SRR1123893	/mnt/home/macmaneslab/macmanes/redundancy_tests/validate_arms/SRR1123893/blastn_I12	SRR1123893_blastn_I12	blastn	12	blastn_I12_protein	protein
SRR951913	/mnt/home/macmaneslab/macmanes/redundancy_tests/validate_arms/SRR951913/control	SRR951913_control	diamond	12	control_protein	protein
SRR951913	/mnt/home/macmaneslab/macmanes/redundancy_tests/validate_arms/SRR951913/candidate	SRR951913_candidate	blastn	3	candidate_protein	protein
SRR951913	/mnt/home/macmaneslab/macmanes/redundancy_tests/validate_arms/SRR951913/blastn_I12	SRR951913_blastn_I12	blastn	12	blastn_I12_protein	protein
SRR1139197	/mnt/home/macmaneslab/macmanes/redundancy_tests/chowder_arms/SRR1139197/diamond_I12	SRR1139197_diamond_I12	diamond	12	control_protein	protein
SRR1139197	/mnt/home/macmaneslab/macmanes/redundancy_tests/chowder_arms/SRR1139197/blastn_I3	SRR1139197_blastn_I3	blastn	3	candidate_protein	protein
SRR1139197	/mnt/home/macmaneslab/macmanes/redundancy_tests/validate_arms/SRR1139197/blastn_I12	SRR1139197_blastn_I12	blastn	12	blastn_I12_protein	protein
