SRR954929	/mnt/home/macmaneslab/macmanes/redundancy_tests/validate_arms/SRR954929/control	SRR954929_control	diamond	12	twotrack	twotrack
SRR544889	/mnt/home/macmaneslab/macmanes/redundancy_tests/validate_arms/SRR544889/control	SRR544889_control	diamond	12	twotrack	twotrack
SRR747027	/mnt/home/macmaneslab/macmanes/redundancy_tests/validate_arms/SRR747027/control	SRR747027_control	diamond	12	twotrack	twotrack
SRR1139198	/mnt/home/macmaneslab/macmanes/redundancy_tests/validate_arms/SRR1139198/control	SRR1139198_control	diamond	12	twotrack	twotrack
SRR1060332	/mnt/home/macmaneslab/macmanes/redundancy_tests/validate_arms/SRR1060332/control	SRR1060332_control	diamond	12	twotrack	twotrack
SRR1176880	/mnt/home/macmaneslab/macmanes/redundancy_tests/validate_arms/SRR1176880/control	SRR1176880_control	diamond	12	twotrack	twotrack
SRR1174805	/mnt/home/macmaneslab/macmanes/redundancy_tests/validate_arms/SRR1174805/control	SRR1174805_control	diamond	12	twotrack	twotrack
SRR1123893	/mnt/home/macmaneslab/macmanes/redundancy_tests/validate_arms/SRR1123893/control	SRR1123893_control	diamond	12	twotrack	twotrack
SRR951913	/mnt/home/macmaneslab/macmanes/redundancy_tests/validate_arms/SRR951913/control	SRR951913_control	diamond	12	twotrack	twotrack
SRR1139197	/mnt/home/macmaneslab/macmanes/redundancy_tests/chowder_arms/SRR1139197/diamond_I12	SRR1139197_diamond_I12	diamond	12	twotrack	twotrack
